Account,Company,Firstname,Lastname,Address_1,Address_2,City,State,Zip
13342870113f5f7781cf665,A.K. ASSOCIATES INC.,AMIN,,41 WALPOLE STREET,,SHARON,MA,02067
9604804353f608e8a86286,WALLACE INTERNATIONAL,,,175 MCCLELLAN HWY,,EAST BOSTON,MA,02128
20747468743f620f645f18c,TERMINAL EXCHANGE,,,163 AMORY STREET,,BROOKLINE,MA,02446
17973028893f6f4e3f9bc4e,MIDDLEBURY COLLEGE,,,84 SOUTH SERVICE ROAD,,MIDDLEBURY,VT,05753
3270530133f7443a31a5fb,BIOPURE CORP.,,,11 HURLEY STREET,,CAMBRIDGE,MA,02141
6688045647eb9acb91794,CITY OF NORWALK,,,125 EAST AVE,IT DEPT RM 203,NORWALK,CT,06851
14294358273f786d1d06d8c,INVESTORS BANK & TRUST COMPANY,,,P.O. BOX 936,MAIL CODE APA42,BOSTON,MA,02117
4798448783f79b54c2de79,WINDSOR SALES GROUP,,,100 FACTORY STREET,SECTION D,NASHUA,NH,03060
1683134673f7aedc80bb99,DOCUSAFE RECORDS MANAGEMENT,,,3 APPLEGATE DRIVE,,ROBBINSVILLE,NJ,08691
14032323473f85a4ea1eec6,EMPIRE STATE COLLEGE,C,SUMMERSELL,5 GRANDE BLVD.,,SARATOGA,NY,12866
4533707253f85bb2e4d4f1,REVCO INC,BOB,VON STEIN,PO BOX 105,,TRUMBULL,CT,06611
5652777713f94455a32745,PUBLIC CONSULTING GROUP,KATE,VASSALLAO,148 STATE STREET,10TH FLOOR,BOSTON,MA,02109
20541522573f957fa3745f1,E-MEDIA PLUS,,,71 SCHREIFFER STREET,,SOUTH HACKENSACK,NJ,07606
3124587953f95805a79412,DIGITAS INC.,,,P.O. BOX 990109,,BOSTON,MA,02199
120706828341ee88309ebb4,NRI,,,51 MORGAN DRIVE,,NORWOOD,MA,02062
20384934573fa12f60dcdab,FLORIDA MICRO LLC,,,P.O. BOX 480416,,DELRAY BEACH,FL,33448
12299243373fa2bd8535fc2,INIT INNOVATIONS IN TRANSPORTATION,,,1400 CROSSWAYS BLVD,#110,CHESAPEAKE,VA,23320
13608764773fa2c1c84e663,MORRISTOWN SCHOOL DISTRICT,,,31 HAZEL STREET,,MORRISTOWN,NJ,07960-3199
164375853fa935270c7b0,MIKES COINS,MICHAEL,COSTELLO,42 CONCORD AVE,,NORWOOD,MA,02062
12672872473fabb9804230f,DANA FARBER CANCER INST,ROBERT,SUGGS,PO BOX 9102,,BROOKLINE,MA,02447
11386684393fb53e8ce834f,VISION BP TEAMTEK,,,7201 LAKE ELLENOR DRIVE,AMAND@TEAMTEKWHOLESALE.COM,ORLANDO,FL,32809
10221593623fbd2b5e4b0be,PARTNERS HEALTHCARE SYSTEM INC,,,PO BOX 9127,,CHARLESTOWN,MA,02129
18515525343fbe6922e17a3,WYETH-AYERST PHARMACEUTICALS,,,P.O. BOX 13745,,PHILADELPHIA,PA,19101
3335427663fcce8259e342,THE BOSTON COMPANY/MELLON TRUST,,,135 SANTILLI HIGHWAY,CHECK PROCESSING AIM#026-0019,EVERETT,MA,02149
21207371533fd798abe9e39,SUNGARD POWERPARTNER INC,LESLEY,HAWLEY,112 W PARK DR,,MT LAUREL,NJ,08054
14482065173fd9f031157cb,ST. ELIZABETHS MED. CTR.OF BOSTON,,,736 CAMBRIDGE STREET,,BRIGHTON,MA,02135
7975283663fde172cc0621,INDUS CORPORATION,,,1953 GALLOWS ROAD,,VIENNA,VA,22182
2093523703fdf26ddc2d38,DOT BUREAU OF TRANSPORTATION STATS.,JANICE,HILL,400 7TH STREET S.W.,ROOM 4117,WASHINGTON,DC,20590
16743162373fe0a0b0cc977,MAXELL CORPORATION OF AMERICA,,,DRAWER CS 100773,,ATLANTA,GA,30384-0773
5773479664021341fed0cb,NORTHEAST FIBERGLASS PRODUCTS,,,22 MILL STREET,,ALBANY,NY,12204
88042877140228e4355aed,NETRIA CORPORATION,,,37 INDUSTRIAL DRIVE,,EXETER,NH,03833
1527414001402a508824dac,NATIONAL SALES ASSOCIATES,LEN,CRANN,51 GLENN STREET,,LAWRENCE,MA,01843
11782234744033707fc11ac,ALCON LABORATORIES INC.,,,6201 SOUTH FREEWAY,ALCONUSAP@ALCON.COM,FORT WORTH,TX,76134-2099
1754920650403516505a90c,UNIVERSITY OF MASSACHUSETTSDUBOIS L,HEATHER,TRUDELL,BUSINESS OFFICE  4TH FL DUBOIS,SOUTH COLLEGE LOADING DOCK,AMHERST,MA,01003-9275
1830965347403e18dab4e5c,HARRIS CORP,,,GLOBAL SHARED SVCS- A/P,PO BOX 9001,MELBOURNE,FL,32902-9001
3102700434045e6fdea9bd,THE DATA MEDIA SOURCE INC,CLAY,TERAMO,2247 RINGWOOD AVE,,SAN JOSE,CA,95131
7966746304045fea2b274c,WORKERS RISK SERVICES,PAUL,CARDINAL,ONE LAWSON LANE,,BURLINGTON,VT,05401
7197695834055d89518406,NETMAP ANALYTICS,,,480 OLDE WORTHINGTON RD,SUITE 300,WESTERVILLE,OH,43082-8954
1933838519405b3305813b0,SPORTS LOTTERIES BARBADOS INC.,SANDRA,GILKES,BARBADOS TURF CLUB LOTTERIES,BUSH HILL,GARRISON    BARBADOS,,
1023764744406dce88d1cc7,PHARMACEUTICAL PRODUCT DEVELOPMENT,(PPDI),,84 SHERMAN STREET,,CAMBRIDGE,MA,02140
16257798584075a525bbd30,ANALOG DEVICES,EILEEN,MCBRIEN,3 TECHNOLOGY WAY,,NORWOOD,MA,02062
1183888953408d1b941ab11,HEALTH RESEARCH INC.,JODI,HABBINGER,ONE UNIVERSITY PLACE,GEC BUILDING,RENSSELAER,NY,12144-3456
1391104756408fac2822045,ROWENTA,,,200 BOSTON AVE,,MEDFORD,MA,02155
518226872409016a997344,DATA MEDIA SOURCE INC,A/P,,2247 RINGWOOD AVE,,SAN JOSE,CA,95131
191749158740a522c775066,EAGLE QUEST SOLUTIONS INC,TRACY,CARR,54 MAIN STREET SUITE 2,,OAKLAND,ME,04963
206525408540ae22570e7c7,FRANKLIN SAVINGS BANK,CHERI,CARUSO,387 CENTRAL STREET,,FRANKLIN,NH,03235
91596323240b4994a50671,CORPORATE TELCOM SOLUTIONS,,,153 WASHINGTON STREET,2ND FLOOR,WALPOLE,MA,02032
9.01901702433856E+21,MJR AND SONS PLASTERING,JOANNE,ROOF,RT 1 A,,NORWOOD,MA,02062
78548473440bca9b74df66,GOODWIN PROCTER LLP,,,53 STATE STREET,EXCHANGE PLACE,BOSTON,MA,02109
121776989240be089fc3265,FNX RADIO,,,25 EXCHANGE STREET,,LYNN,MA,01901
55215428040c5c614bbd31,AMANDA SLADE,,,29 PLAIN STREET,,ATTLEBORO,MA,02703
62685224540d1df930c0b1,THE COLONIAL HOUSE RESTAURANT,,,SAVIN AVE,,NORWOOD,MA,02062
61040049240f54575813b1,RAVENA- COEYMANS-SELKIRK,,,26 THATCHER STREET,PO BOX 97,RAVENA,NY,12158-0097
153837842140f8233d1f932,DISK COPY INC.,,,242 NECK ROAD,P.O. BOX  8197,HAVERHILL,MA,01835
198799895740fbdae772951,ST ASSOCIATES,,,1 TEAL ROAD,,WAKEFIELD,MA,01882
87531146640fff5c66b430,ALL POINTS LOGISTICS INC,LYNN,SMITH,2567 ATHENS HIGHWAY,,GAINESVILLE,GA,30507
12737568641012616af9e6,SEFCU,,,700 PATROON CREEK BLVD.,,ALBANY,NY,12206-1067
1969957062444d28ee6081c,CAMBRIDGE TRUST COMPANY,ACCOUNTS,PAYABLE,10 FAWCETT STREET,,CAMBRIDGE,MA,02138
118306111041238cb99e871,GARY KUPHAL,,,20 TANGLEWOOD DRIVE,,FRANKLIN,MA,02038
7015933054124ac23e7c51,STEIFF NORTH AMERICA,,,425 PARAMOUNT DRIVE,,RAYNHAM,MA,02767
1704068232412cab8e41c11,DEVCO PRODUCTS INC,,,26 WILLIAM WAY,,BELLINGHAM,MA,02019
4.48533447414075E+21,DEMOULAS MARKET BASKET,,,875 EAST STREET,,TEWKSBURY,MA,01876
186790339441419cc5b9624,FIDELITY INVESTMENTS,,,PO BOX 1380,,MERRIMACK,NH,03054-1380
11724790544145f78352d85,TJX COMPANIES INC.,,,P.O. BOX 9133,,FRAMINGHAM,MA,01701
23751427441503bbfad810,STOP & SHOP,,,USE AHOLD,HARRYS ACCOUNT,,,
152745514341518d486e076,ANALOGIC,PAUL ,WRIGHT,8 CENTENNIAL DRIVE,DOCK  B,PEABODY,MA,01960
1587771401415b1023532c4,XEROX CORPORATION,,,PO BOX 981175,,EL PASO,TX,79998-1175
1590192683415c48d23d330,CHRISTMAS TREE SHOPS,,,261 WHITES PATH,,SOUTH YARMOUTH,MA,02664
212445878741643cf2b7452,YESHIVA UNIVERSITY,,,JACK & PEARL RESNICK CAMPUS,1300 MORRIS PARK AVE,BRONX,NY,10461-1975
1159462612416c21e98b530,STEVEN ELIAS,,,FARM LANE,,MANSFIELD,MA,02048
1960964899416fca9faff25,WARDLE DRUG,,,585 HIGH STREET,,DEDHAM,MA,02026
1935723653416fcf78ef6c5,FIRST ALBANY COMPANIES,,,30 SOUTH PEARL STREET,,ALBANY,NY,12207
136821107941740c7d30fe4,SEACHANGE,,,124 ACTON STREET,,MAYNARD,MA,01754
12011284164191274ff0473,LYON AVIATION,MARK,ROGERS,832 TAMARACK ROAD,,PITTSFIELD,MA,01201
116491963419d09fb6c712,WORCESTER TELEGRAM & GAZETTE,LAURA,RILEY,20 FRANKLIN STREET,,WORCESTER,MA,01615
36588040041a35ce6edd69,L. L. BEAN,ANNE,MURPHY,15 CASCO STREET,,FREEPORT,ME,04033
173593832641ae13b58c2e8,GREATER MEDIA-BOSTON,ROB,MOSSMAN,55 MORRISSEY BLVD.,,BOSTON,MA,02125
1184294141b4ca6c5905f,LIB/GO TRAVEL INC.,,,69 SPRING STREET,,RAMSEY,NJ,07446-0507
124130370041dbf9c99bbbd,BOSTON FINANCIAL DATA SERVICES,LISA,TOBASCO,2 HERITAGE DRIVE,,NORTH QUINCY,MA,02171
32891999841e583c7d9534,EASTERN MOUNTAIN SPORTS,,,P.O. BOX 850,,PETERBOROUGH,NH,03458
92468320941e5996fa12c5,STORAGE TECHNOLOGY CORPORATION,,,1 STORAGETEK DRIVE,,LOUISVILLE,CO,80028
8331245724a1ee9d0e4370,CITICORP NORTH AMERICA INC.,,,PO BOX 6032,,SIOUX FALLS,SD,57117
100485562742b3139bb44bd,UHY ADVISORS INC,FREDERICK,LUCREZIO,66 STATE STREET,,ALBANY,NY,12207
147262768841f8f4e71fc75,RITE AID HDQTRS CORP.,DAN,MEE,30 HUNTER LANE,,CAMP HILL,PA,17011
188660235141fe60079c4a5,DOHERTY CHELLA KEANE & ASSOCIATES,,,171 TREMONT STREET,,MELROSE,MA,02176
1009001025420247ecaaf05,KELSER CORPORATION,,,111 ROBERTS STREET,SUITE D,EAST HARTFORD,CT,06108
165040621542028a8ae5884,INTERACTIVE DATA CORP.,,,32 CROSBY DRIVE,SHIP ON THEIR FEDEX 126123183,BEDFORD,MA,01730
6391163542039ee7816f4,THE HERTZ CORP.,,,225 BRAE BOULEVARD,,PARK RIDGE,NJ,07656
1.43125038442150E+22,RC2 BRANDS INC,,,2021 9TH STREET SE,,DYERSVILLE,IA,52040
703940614421caa91c83c5,KELLY & LAROCHELLE CPA MST,KAREN,LAROCHELLE,471 WEST CENTRAL STREET,,FRANKLIN,MA,02038
2136580799421cc441f1bd5,LDG REINSURANCE,DAVID,GOODRIDGE,401 EDGEWATER PLACE  SUITE 400,,WAKEFIELD,MA,01880
1513668698421cf22f94f77,PIONEER INVESTMENT MGT USA INC,,,60 STATE STREET,13TH FLOOR,BOSTON,MA,02109
1515246085421e45c4d9534,NEW WORLD LAB,,,381 PLANTATION STREET,5 BIOTECH,WORCESTER,MA,01605
12261779294224a4f8de354,ON-LINE COMPUTER PRODUCTS INC.,DAVID,MORSE,82 MAPLE ROAD,,VOORHEESVILLE,NY,12186
6997677534226099b3f844,GEOLOGICA,,,1 DESIGN CENTER PLACE,SUITE 618,BOSTON,MA,02210
31167029422725a78da46,MOORE WALLACE AN RR DONNELLEY CO.,GAIL,MCMANUS,65 SPRAGUE STREET,,HYDE PARK,MA,02136
16663086684239d16a5f415,DIGITEK COMPUTER PRODUCTS,,,44258 MERCURE CIRCLE,,DULLES,VA,20166
757280582423b4246ea6a5,SANDBURST CORPORATION,RYAN,POLLEY,600FEDERAL STREET 2ND FLOOR,,ANDOVER,MA,01810
188440809042432308b4b47,MILTON AVENUE SCHOOL,JIM,BAGLI,16 MILTON AVENUE,,CHATAM,NJ,07928
1025669892424d63aa557d4,BLUESPEC INC,KAROLEE,ASPIN,200 WEST ST 3RD FLOOR,,WALTHAM,MA,02451`
1921788501425c03745a900,MASSACHSETTS INSTITUTE TECHNOLOGY,LAURA,SIMMONS,P.O. BOX 9169,,CAMBRIDGE,MA,02139
1730399158425d383a000a5,WESTERN CONNECTICUT ST.UNIVERSITY,KAREN,MUFFATTI,181 WHITE STREET,,DANBURY,CT,06810
168821377742601570b9964,STAPLES TECHNOLOGY SOLUTIONS,,,1096 E. NEWPORT CENTER DR.,SUITE 300,DEERFIELD BEACH,FL,33442
180263422342669eebddcc9,PLYMOUTH ROCK CO.,,,695 ALANTIC AVE,,BOSTON,MA,02111
1683493343427905f09e528,CLEAN HARBORS ENVIRONMENTAL SVS INC,MARK,SULLIVAN,42 LONGWATER DRIVE,,NORWELL,MA,02061
166539194442850b8ea5a5e,GE INFOSTRUCTURE WATER & PROCESS T,LOU,DALESANDRO,65 GROVE STREET,,WATERTOWN,MA,01606
10107965294295c6913077b,HACHETTE BOOK GROUP,,,3 CENTER PLAZA,,BOSTON,MA,02108
11987132404296249b7260a,ADP EMPLOYER SERVICES,,,1 ADP BOULEVARD,,ROSELAND,NJ,07068
749525417429f213602128,THE TALBOTS GROUP LP,,,1TALBOTS DRIVE,,HINGHAM,MA,02043-9101
170644232242a08b3850327,MILLIPORE COR (EMAIL INVOICES),ACCOUNTS,PAYABLE,P.O. BOX 690536,,QUINCY,MA,02269
1047330039436a679b8d445,HYDRA CONCRETE WATERPROOFING,,,9 WHITNEY STREET,,HOLLISTON,MA,01746
61391286842bc48dec2f1c,HARVARD UNIVERSITY,MICHAEL,SEITZ,51 BRATTLE STREET,,CAMBRIDGE,MA,02138
8231875742bc54b072608,SPIRE,JULIE,DUFFY,65 BAY STREET,,DORCHESTER,MA,02125
62752609542c4358052a3f,BOBS STORES INC,,,160 CORPORATE COURT,,MERIDEN,CT,06450
94077658742d2a65332e68,RYAN & FAENZA,KATHLEEN,BUTTERS,825 MAIN STREET,,WALPOLE,MA,02081
41493741342d2adb579b3f,SCHOOL DISTRICT OF THE CHATAMS,,,54 FAIRMOUNT AVENUE,,CHATAM,NJ,07928-2313
39114526542d3f0275785d,INSTRON CORPORATION,MARILYN,PANZINO,825 UNIVERSITY AVE,,NORWOOD,MA,02062
67374194342d40e0ae03dc,BAYER HEALTHCARE PHARMACEUTICALS,,,PO BOX 200,,MONTVILLE,NJ,07045-1000
26911220842dd061cc56a2,PELLETTIERI RABSTEIN & ALTMAN,,,100 NASSAU PARK BLVD,,PRINCETON,NJ,08540
166360645842dfbbd7c7d3e,MAXELL CORPORATION OF AMERICA,GARY,DONNELLAN,14 SUNBLAZE DR,,NASHUA,NH,03062
77863221942e14d5a3a39c,SPECIALITY CATALOG CORP.,,,21 BRISTOL DRIVE,,SOUTH EASTON,MA,02375
20562297644305f762689c9,EASTERN SAVINGS BANK,ROSEMARY,TYLER,11350 MCCORMICK ROAD,EXECUTIVE PLAZA 2,HUNT VALLEY,MD,21031
1377685124430f3b1921cfe,CERTUS FINANCIAL,BOB,WISCHNOWSKY,BUILDING 1 SUITE 108,37 THURBER AVE.,SMITHFIELD,RI,02917
1.31050053243146E+28,DISNEY WORLDWIDE SHARED SERVICES,,,BILL THROUGH ARIBA,,LAKE BUENA VISTA,FL,32830
1080768730431ee953921dc,WHITEHEAD INSTITUTE,,,NINECAMBRIDGE CENTER,,CAMBRIDGE,MA,02142
607494085432590ddb6bc8,TIFFANY & CO.,,,PO BOX 29156,ATTN; IT CONTACT OR PO CONTACT,HOT SPRINGS,AR,71913
19027793934325deee85e89,HALLMARK HEALTH SYSTEM INC,,,170 GOVERNORS AVE,,MEDFORD,MA,02155
532417810432ac57dd4114,US FOOD SERVICE CONTRACT DESIGN,BEV,MAZOLLA,8 CARNEGIE ROW,,NORWOOD,MA,02062
126455193443593e9106fd5,A.W. CHESTERTON COMPANY,LAURIE,DEMPSEY,860 SALEM STREET,,GROVELAND,MA,01834
456757101433ac8c3c7dc5,BARKER STEEL COMPANY INC,D.,BEAN,55 SUMMER STREET,,MILFORD,MA,01757
1722394374433beb7144064,PERSONIX,KIM,THURSTON,200 FINANCIAL PARK,,FRANKLIN,MA,02038
1352978976434129a6c7dc5,BAUGH NORTHEAST CO-OP.,,,1000 BAUGH DRIVE,,FRONT ROYAL,VA,22630
1375138679434408a57c2d5,IXIS ASSET MANAGMENT,,,399 BOYLSTON STREET,4TH FLOOR,BOSTON,MA,02116
1545969075434573daea0a4,CABLES PLUS LLC,,,2818-B HUNGARY ROAD,,RICHMOND,VA,23228
8985883954353ff223a425,NEW ENGLAND DEVELOPMENT,,,ONE WELLS AVENUE,,NEWTON,MA,02459
63112804243553a2f551d5,VARIAN SEMICONDUCTOR EQUIPMENT,,,P.O. BOX 309,,CANTON,MA,02021
1951322378435e89c66b165,CENTRAL ASSOCIATION FOR THE BLIND,,,507 KENT STREET,,UTICA,NY,13501
84098264435fce5fb6c55,MAUREEN DATA SYSTEMS INC,,,500 WEST 43RD STREET,,NEW YORK,NY,10036
1543707125436660cbd4114,P & D MICROCOMPUTER,ANITA,,656 BEACON STREET,,BOSTON,MA,02215
3.16792734367782E+101,VERTEX PHARMACEUTICALS,,,130 WAVERLY STREET,,CAMBRIDGE,MA,02139
11930707064370e3ed810f4,SMITHSONIAN OBSERVATORY,,,60 GARDEN STREET,,CAMBRIDGE,MA,02138
1471939569437a412ee0465,OLYMPIA SPORTS,,,5 BRADLEY DRIVE,,WESTBROOK,ME,04092
1949593039438cac51cf2f5,CURRY COLLEGE,,,1071 BLUE HILL AVE,,MILTON,MA,02166
1865102310438dcfb18862a,STAHL,,,13 CORWIN STREET,,PEABODY,MA,01961
1176377137438dfbcf44065,HOMESTAR MORTGAGE CORPORATION,DAVID,SIDMAN,105 SOUTH STREET,,PLAINVILLE,MA,02762
12068299184395a2b1d4114,MASSACHUSETTS MEDICAL SOCIETY,,,860 WINTER STREET,,WALTHAM,MA,02451-1411
984042519439ee4d2ad015,QUASHNET SCHOOL,,,150 OLD BARNSTABLE ROAD,,MASHPEE,MA,02640
209266274943b3091462f2c,MOUNT  AUBURN HOSPITAL,,,330 MT. AUBURN STREET,,CAMBRIDGE,MA,02138
140679924243b4332b1261c,AVID TECHNOLOGY INC,,,1925 ANDOVER STREET,,TEWKSBURY,MA,01876
134508357643bbf69ebfba8,ED DEPAROLESA,,,107 FRANKLIN AVE,,CHELSEA,MA,02150
165191725943bc410912625,PERKINS,,,630 JOHN HANCOCK ROAD,,TAUNTON,MA,02780
117226137043d55c792fadc,EXECUTIVE BUSINESS MACHINES,JIM,SMEY,2 POST ROAD,CDALY@EBMUSA.COM,FAIRFIELD,CT,06824
171246612843d64484bd47c,ON THE WATER MAGAZINE,,,35 TECHNOLOGY DRIVE,SUITE 2,EAST FALMOUTH,MA,02536
24309908343d795180b0f0,CAPITAL MEDIA GROUP,EMAIL INVOICE,,861 TAYLOR ROAD- ACCOUNTS PAY.,SUITE 1,COLUMBUS,OH,43230
128344835443de3045e6c8c,HASBRO INC.,,,200 NARRAGANSETT PARK DRIVE,,PAWTUCKET,RI,02861
13933418248cfba01b88d7,US DISTRICT COURT,,,901 RICHLAND STREET,PROPERTY & PROCUREMENT,COLUMBIA,SC,29201
153393821743ff5454a4ddc,HUDSON-RPM DISTRIBUTORS LLC,,,ATLAS NEWS DIVISION,150 BLACKSTONE RIVER ROAD,WORCESTER,MA,01607
1214134944070b8c4f6ad,AIRLINE TARIFF PUBLISHING COMPANY,,,45005 AVATION DRIVE,,DULLES,VA,20166
1073199222440d998162f2b,PERSHING LLC,,,101 BARCLAY STREET 5 WEST,E. HELGESON- TPDS,NEW YORK,NY,10286
992930140440db64e91561,PROMETRIC INC,,,1501 SOUTH CLINTON STREET,14TH FLOOR,BALTIMORE,MD,21224
479948954441ec96f56bdf,URIX INC.,MARY ANN GIUSTO,,SUITE 520,**TAXABLE** PART OF ISO,BOSTON,MA,02110
1822845507442034997198c,UNITED PARCEL SERVICE,,,340 MACARTHUR BLVD,ACCOUNTSPAYABLEISCONTRACTS@UPS,MAHWAH,NJ,07430
8896437314421b23b78ebc,NYS LEGISLATIVE BILL DRAFTING COMM,RON,GIMONDO,55 ELK STREET,,ALBANY,NY,12210
381678696442324e7d822b,VERIZON WIRELESS,,,PO BOX 21075,BILL THROUGH ARIBA,TULSA,OK,74121
1516877091442af8a8a26cc,L.L. BEAN CORP PROCUREMENT,,,15 CASCO STREET,,FREEPORT,ME,04033
317264850443562369155b,BNY MELLON-ASSET MANAGEMENT,,,ONE BOSTON PLACE,FLOOR 29,BOSTON,MA,02108
795082680443bd872c49ab,VICOR CORP.,BOB,KATCHEN,25 FRONTAGE RD.,,ANDOVER,MA,01810
1663139969443d6d971261c,RBS SECURITIES INC.,,,600 WASHINGTON BOULEVARD,,STAMFORD,CT,06901
205010561443eab5798a8c,UBS,,,1000 HARBOR BLVD,9TH FLOOR,WEEHAWKEN,NJ,07086
15976780264443b8378791c,TEST INC.,MARY,WEST,567 NORTH AVE,,WALPOLE,MA,02081
12550021564443b8c10b0eb,GOLDEN RETRIEVER INC,CHASE,BUTTERS,123 DOG LANE,,WESTWOOD,MA,02062
99325626144454892c70c2,GLOBALWARE SOLUTIONS,,,200 WARD HILL AVE.,,HAVERHILL,MA,01835
280131693444795810ff0c,THE PANTRY INC.,ED,COLLUPY,1801 DOUGLAS DRIVE,,SANFORD,NC,27330
1668849057444924cf14d32,BRANCH BANKING AND TRUST,CHAD,WILKINS,NEED TO ADD TRACKING NUMBERS,IN ARIBA PRIOR TO BILLING,WILSON,NC,27893
14718432444449289bf08cc,SC  RETIREMENT SYSTEMS,HEATHER,MULLER,202 ARBOR LAKE DRIVE,,COLUMBIA,SC,29223
1120960739444cd7803700f,WEB.COM,,,303 PEACHTREE CENTER AVE,SUITE 500,ATLANTA,GA,30303
920537144444d20256f27c,STOCK BUILDING SUPPLY,STEVE,CLARK,8020 ARCO CORPORATE DR.,,RALEIGH,NC,27617
251559670444d43992107c,CALIBRATED FORMS,,,PO DRAWER 191,,COLUMBUS,KS,66725
1245845340444f94a55e10b,HILTON CHARLOTTE CENTER CITY,,,222 EAST THIRD STREET,,CHARLOTTE,NC,28202
457729072444fb8545ba1c,SHEPLEY BULFINCH RICHARDSON  ABBOTT,,,2 SEAPORT LANE,,BOSTON,MA,02210
12068199914450cd329155c,PEER 1 DEDICATED HOSTING,,,1600-555 WEST HASTINGS STREET,SUITE 1000,VANCOUVER,BC,V6B 4N5
703503351445236b562f2c,MEDCO HEALTH SOLUTIONS INC,,,1900 POLLITT DRIVE,,FAIR LAWN,NJ,07410
17693095174458c3649b19c,FIS,,,6135 LAKEVIEW ROAD-STE100,SUEANN.FUSSELMAN@FISGLOBAL.COM,CHARLOTTE,NC,28269
18381882984458d817062cb,FRONTIER COMMUNICATIONS,,,180 S. CLINTON AVENUE,,ROCHESTER,NY,14646-0300
2110127928445fb599544cb,WCNC,,,1001 WOODRIDGE CENTER DRIVE,,CHARLOTTE,NC,28217
1069195030445fb828bfb8b,THE CATO CORP.,,,PO BOX 34216,,CHARLOTTE,NC,28234
5585052894460a4471c25d,LAUREATE CAPITAL,,,227 WEST TRADE ST SUITE 400,,CHARLOTTE,NC,28202
4142997244460a5441743c,FOOD LION LLC,,,P.O. BOX 2487,,SALISBURY,NC,28145-2487
2769005684462317ed5b1b,MERCANTILE SAFE DEPOSIT & TRUST CO.,,,742 OLD HAMMONDS FERRY RD.,,LINTHICUM,MD,21090
5226241194464a934c49ab,MASS MUTUAL FINANCIAL GROUP,,,1295 STATE STREET,,SPRINGFIELD,MA,01111-0001
17002120304468c78d3700c,CAPITAL BANK,,,445 S MAIN STREET,,BURLINGTON,NC,27215
21068672864469ec813700c,AMALGAMATED HOUSING CORP,,,98 VANCORTLAND PARK SOUTH,,BRONX,NY,10463
1567736221446b65f4c70bc,NATIONAL GYPSUM COMPANY,,,2001 REXFORD ROAD,,CHARLOTTE,NC,28211
1834060146446ce26c2acbb,PETER VANDERVEER,,,930 WASHINGTON ST,,NORWOOD,MA,02062
221250573446dcfa35b9fc,STEAMFITTERS IND. FUND,,,5 PENN PLAZA,,NEW YORK,NY,10001-1887
6689171274475bf15da93c,BENTLEY COLLEGE,,,175 FOREST STREET,,WALTHAM,MA,02452-4705
94191528144775a83d5b1b,HARRIS CONNECT INC.,,,1400 A CROSSWAYS BOULEVARD,,CHESAPEAKE,VA,23320-0207
196317572244843e5eb5f4c,VOYA FINANCIAL,,,PO BOX 982144,,EL PASO,TX,79998-2144
5947769624485de2dbd47c,SPIRIT TELECOM,,,1500 HAMPTON STREET,,COLUMBIA,SC,29201
207006751448ec85dce5ec,PALMETTO HEALTH ALLIANCE FINANCE,,,P.O. BOX 100168,,COLUMBIA,SC,29202-3168
1546111194491784a3700b,VERIZON WIRELESS,,,2000 CORPORATE DRIVE,,ORANGEBURG,NY,10962
94015023644aebc8e3be2c,ED LENNON,ED,LENNON,8 FRONTIER DRIVE,,ATTLEBORO,MA,02703
52386592844b5098f062cc,FORRESTER RESEARCH INC.,,,400 TECHNOLOGY SQUARE,,CAMBRIDGE,MA,02139
38296407744d21fcbb2963,BIOMERIEUX NA,MARTY,BABINSKI,100 RADOLPHE STREET,,DURHAM,NC,22712
38752172144d353714e7d2,C & S WHOLESALE GROCERS INC.,,,P.O. BOX 580,VENDOR #38820,BRATTLEBORO,VT,05301
159755371844d8e01ab7783,MUZAK,,,3318 LAKEMONT BLVD.,,FORT MILL,SC,29708
164004327744e5bb5e472a3,MECKLENBURG COUNTY REG.OF DEEDS,,,720 E.FOURTH STREET,ROOM 103,CHARLOTTE,NC,28202
47789919644e6155cd4c43,BANCTEC,,,PO BOX 660204,,DALLAS,TX,75266-0204
81666259544f500a966e73,VA MEDICAL CENTER,,,718 SMYTH ROAD,,MANCHESTER,NH,03104
1.89052274507088E+20,BSC SUPPLY,,,411 WAVERLEY OAKS ROAD,SUITE 208,WALTHAM,MA,02452
1141925514450841b04c0c3,SYSTEM SUPPLY,EMAIL INVOICES,ONLY,ERIN@SYSTEMS-SUPPLY.COM,1941 CASE PARKWAY SOUTH,TWINSBURG,OH,44087
498383621451d879abecb3,UMWA HEALTH AND RETIREMENT FUND,ROGER,JONES,2121 K STREET NW,SUITE 350,WASHINGTON,DC,20037
194690050445227f4ed9a63,FRANK PARSONS COMPANY,EMAIL,INVOICES,1328 CHARWOOD ROAD,STE. 100,HANOVER,MD,21076
185627467245254b1e7f512,ABCO SECURITY SYSTEMS INC,,,3117 KY ROUTE 321,,PRESTONBURG,KY,41653
778997848452554c364762,PEPSICO,,,350 COLUMBUS AVENUE,,VALHALLA,NY,10595
19703051045352796a6613,FIRST PRIME CAPITAL LLC,GENE,SIDES,3111 MONROE ROAD,SUITE 204,CHARLOTTE,NC,28205
20479669784538d665adb43,UP UP AND AWAY TRAVEL,,,177 BRADLEE AVE,,SWAMPSCOTT,MA,01907
29558625455496895ab2d,ISO NEW ENGLAND INC.,PAM,SEARAH,ONE SULLIVAN ROAD,,HOLYOKE,MA,01040-2841
1223771406455ce1dd62053,PARTNERS TRUST BANK,JOE,DECOLA,4TH FLOOR MAIN OFFICE ANNEX,233 GENESEE STREET,UTICA,NY,13501
1140873325455e07eeed2e3,EXCHANGE BANK,,,614 STATE STREET,,MOUND CITY,MO,64470
1192862825456f25086bc91,NASDAQ INC.,MAGGIE,BROWN,9600 BLACKWELL ROAD,5TH FLOOR,ROCKVILLE,MD,20850
2035057604456f28cd954a3,CSC CONSULTING INC.,LESLIE,NAKANISHI,266 SECOND AVENUE,,WALTHAM,MA,02451
201275093945746eda02ce3,EMAG,,,ACCOUNTS PAYABLE,,GRAHAM,TX,76450
4400789714574725bcfe22,NEW YORK INDEPENDENT SYSTEM OPERATO,,,10 KREY BLVD,,RENSSELAER,NY,12144
174475717245896363a3f01,UBS AG,,,P.O. BOX 120312,EMAIL: SH-POINVOICES@UBS.COM,STAMFORD,CT,06912
10699800314589873fed2e2,IMATION CORPORATION,,,1 IMATION PLACE,,OAKDALE,MN,55128
317689109459d48c284333,R.E. MASON COMPANY,,,P.O. BOX 33413,,CHARLOTTE,NC,28233-3413
30956797345a7b301de882,PROGRESS SOFTWARE CORP,,,14 OAK PARK,,BEDFORD,MA,01730
189714838645a7fd1064763,PEAK 10 INC,,,8809 LENOX POINTE DRIVE,SUITE G,CHARLOTTE,NC,28273
15653116445af81918df72,MERRILL LYNCH,,,35 RUNWAY DRIVE,,LEVITTOWN,PA,19057
11476620145af8c96ab433,FEDELE AND MURRY P.C.,,,17 WALPOLE STREET,,NORWOOD,MA,02062
167463099245b61a0e3a0a8,REMAX,,,,,,,
124295204945b624e509368,MARSH & MCLENNAN COMPANY,KEVIN,GLYNN,MGTI,PO BOX 100723,DENVER,CO,80250
101660831745ba71e1c7a47,SAKS FIFTH AVE,BOB,MCCLELLAN,3455 HIGHWAY 80 WEST,,JACKSON,MS,39209
62047292945c0aeefa3057,WELLS FARGO DEALER SERVICES INC.,,,PO BOX 193775,CPGAPINVOICES@WELLSFARGO.COM,SAN FRANCISCO,CA,94119
38816682045c0e10ba5768,STAPLES INC.,BEVERLY,LIEBERMAN,377 SIMARANO DRIVE,,MARLBORO,MA,01752
160588330545c38cf750038,CHILDRENS MEMORIAL HOSPITAL,,,2300 CHILDRENS PLAZA,,CHICAGO,IL,60614
50145731445c79829307f4,BROWN UNIVERSITY,,,115 WATERMAN STREET,BOX 1885,PROVIDENCE,RI,02912
55261298445ca1d37acc98,GATEWAY REGIONAL SCHOOL DISTRICT,,,12 LITTLEVILLE ROAD,,HUNTINGTON,MA,01050
74738571245d0cd3f6fc06,WYETH PHARMACEUTICALS,,,ONE BURTT ROAD,,ANDOVER,MA,01810
67653394745d20e59415d8,NORWALK HOSPITAL,,,24 STEVENS STREET,,NORWALK,CT,06856
158321814045dc6ee9a7e78,BANK OF NEW YORK,,,TENNESSEE PROCESSING,420 WOODFOLK AVENUE,NASHVILLE,TN,37207
7128592945e83e466ade7,MASS MOVEMENT INC,JIM,SULLIVAN,65 GREEN STREET,SUITE ONE,FOXBOROUGH,MA,02035
160929302845e8744d26827,OLD DOMINION FREIGHT LINES,,,500 OLD DOMINION WAY,,THOMASVILLE,NC,27360
73009823245ec2d5635287,GOES LITHOGRAPHING CO,,,42 W 61ST ST,,CHICAGO,IL,60621
26293021845ed7ccc85b98,SUNY AT STONY BROOK,MARILYN,HEINRICH,MAIN LIBRARY BUILDING,ROOM W4505,STONY BROOK,NY,11794
4802839045ed96cb79847,MASS WEB PRINTING CO,SUSAN,GUSTAFSON,413 WASHINGTON ST,,AUBURN,MA,01501
213902542845feafe507a0d,HOWLAND CAPITAL MANAGEMENT INC,,,75 FEDERAL STREET,SUITE 1100,BOSTON,MA,02110
132147776645fffcc95f84c,QUALITY DISTRIBUTION NETWORK LLC,,,111 CANFIELD AVENUE SUITE B10,,RANDOLPH,NJ,07869
7135663246004ce35f84e,AMERICAN RAIL DISPATCHING,TOM,MURPHY,2 FEDERAL STREET,SUITE 201,ST. ALBANS,VT,05478
969722950461154ebb286d,VANDERBILT UNIVERSITY,KANDES,DUNGEY,1301 22ND AVE. SOUTH,BLDG TVC ROOM B724F,NASHVILLE,TN,37232-5735
4749464064613eb3feaadc,BUY-SELL COMPANY,JAY,ELLIS,31 LAKESIDE DRIVE,,MARLTON,NJ,08053
1169739020461bae49e35c9,ENTERPRISE PLUS GROUP,GARY,BERG,55 CHURCH STREET,,NEW HAVEN,CT,06510
420142590461cfc18200ad,ON-LINE COMPUTER PRODUCTS- JACK,,,CC-BARBARA FOR SALES & USE TAX,SUPPLIES ACCOUNT # 7100-00-00,-,-,-
2025402653461d04e8a3e0c,ON-LINE COMPUTER PRODUCTS-DONNA &,,,CC BARBARA FOR SALES & USE TAX,SUPPLIES ACCOUNT 7100-00-00,-,-,-
317308145461eaa392d99a,ENTERPRISE PLUS,,,P.O. BOX 304,,WESTFORD,MA,01886
293609838461fa2e2174c3,EWALD TRACTOR INC,,,1900 I-10 WEST,,SEGUIN,TX,78155
658051684462396e4656c3,LEHMAN BROTHERS,,,P.O. BOX 2339,,SECAUCUS,NJ,07096
730807074462633d2a9c83,ADS-S,,,200 CHURCH STREET,,SWEDESBORO,NJ,08085
15086194384627b34803c44,ON-LINE COMPUTER PRODUCTS INC-KELLY,,,318 EAST WOODLAND ROAD,,NEW MILFORD,NJ,07646
2209564084627b41a25f2b,SYSDOME INC,,,30005 LADYFACE CIRCLE,,AGOURA HILLS,CA,91301
1489135334628dd0998b19,SUPPLIES ON-LINE NORWOOD OFFICE,,,CC; BARBARA FOR SALES TAX,,,MA,02062
1004117829463b7b9048204,FOX NEWS,TAXABLE,OK - FREIGHT,1211 AVENUE OF AMERICAS,18TH FLOOR,NEW YORK,NY,10019
163072705146408df4aeaa3,AVICI SYSTEMS INC,,,296 CONCORD ROAD,SUITE 308,BILLERICA,MA,01821
11129590854640d52d03c44,KAMIC CORPORATION,,,6345 S INWOOD DRIVE,,COLUMBUS,IN,47201
2861964924979e073bd0b6,NATIONAL SALES ASSOCIATES,LEN,CRANN,51 GLENN STREET,,LAWRENCE,MA,01843
8950452704653517f85298,FACTSET,,,77 SUNDIAL AVE,SUITE 201,MANCHESTER,NH,03103
3159965384656f23ca2758,DATA MEDIA SOURCE,,,2247 RINGWOOD AVENUE,CRISTINA@DMSTAPE.COM,SAN JOSE,CA,95131
39270414446686f3a8dd15,LENDINGTREE LLC,,,11115 RUSHMORE DRIVE,,CHARLOTTE,NC,28277
397490355466eb49c75676,BERNARDO GOLDSTEIN & QUINN AGENCY,,,,100 STATE STREET,ALBANY,NY,12207
107808340248dbd2e202bd7,INSURANCE SERVICES OFFICE,,,SEE PO FOR BILLING,,,,
15864221954676b2f442225,ARTCO INC,,,155 WILL DRIVE,,CANTON,MA,02021
2411401014676d861a8b5e,VOORHEESVILLE CSD,FRANK,FABER,PO BOX 498,,VOORHEESVILLE,NY,12186
8694147194678007d5f6e6,DR MIRIAM AND SHELDON G ADELSON,,,MEDICAL FOUNDATION,300 1ST STREET,NEEDHAM,MA,02494
343767787467a99842748e,TEST ACCOUNT,,,123 TEST ROAD,,NORWOOD,MA,02062
362162096467be7a8a8aeb,VOORHEESVILLE PULIC LIBRARY,,,,51 SCHOOL ROAD,VOORHEESVILLE,NY,12186
41938562646f18e71e8265,HEARST CORPORATION,,,214 N TYRON STREET,,CHARLOTTE,NC,28202
41871338446801161c5f86,BANK LEUMI USA,,,420 LEXINGTON AVENUE,,NEW YORK,NY,10170
168678497146811edb72f67,J & J SERVICES INC.,,,P.O. BOX 16571,,NEW BRUNSWICK,NJ,08906-6571
19239241024689239da63b6,UNIDINE CORPORATION,,,BILL ADDRESS,IS SAMES AS SHIP ADDRESS,,,
401117468468a6a1bb0003,ZOOM INFORMATION INC.,,,307 WAVERLEY OAKS ROAD,,WALTHAM,MA,02452
1409720654468d08fee5b56,CTR INCORPORATED,DOLLY,KOTHARI,128 BUCKTHORN WAY,,MENLO PARK,CA,94025
1146876466469e4312d9806,PEAK 10 -CHARLOTTE,,,8809 LENOX POINTE DRIVE,SUITE T,CHARLOTTE,NC,28273
1720041731490a15fc32cfe,BJ S WHOLESALE CLUB INC.,,,25 RESEARCH DRIVE,,WESTBOROUGH,MA,01581
9127027846b792411b125,BOSTON PHOENIX & TELE-PUBLISHING,,,126 BROOKLINE AVEUE,,BOSTON,MA,02115
166574259746c4ace28b606,EVERSOURCE ENERGY,,,P.O. BOX 5017,NO DELIVERY AFTER 1 PM,HARTFORD,CT,06102-5017
72241227646c9da0be3446,ARLEN CORPORATION,WALTER,MCKAY,121 SOUTH MAIN STREET,SEVENTH FLOOR,PROVIDENCE,RI,02903
42343948346cdf536840d6,RSG SYSTEMS  INC,AMY,BELIBERY,14 EAST 38TH STREET 9TH FLR,,NEW YORK,NY,10016-0005
131035234047053b18c5f85,DATA SOURCE MEDIA,,,3505 N 48TH STREET,,LINCOLN,NE,68504
77472917447066358b9c35,KRASDALE FOODS INC,,,65 WEST RED OAK LANE,,WHITE PLAINS,NY,10604
421331840470e48b1ad8e7,AC CORPORATION,,,PO BOX 16367,,GREENSBORO,NC,27416
720509825470fd8be90426,MIDWEST COMPUTER PRODUCT INC,,,33W512 ROOSEVELT ROAD,,WEST CHICAGO,IL,60185
1400332754713b49327476,FIS OUTPUT SOLUTIONS,,,210 RUSTCRAFT ROAD,,DEDHAM,MA,02026
9766622714714fd0c16305,WOODS HOLE OCEANOGRAPHIC INSTITUTIO,EILEEN,WICKLUND,360-5 WOODS HOLE ROAD,CLARK LABORATORY,WOODS HOLE,MA,02543
253442768471cc00255aa5,EXGENEX INC.,,,437 TURNPIKE STREET,,CANTON,MA,02021
733955326471d0990bea56,BME GATEWAY  INC,,,600 UNICORN PARK,1ST FLOOR,WOBURN,MA,01801
11657254774725f01dafff5,MECK CITY INFO SERVICES & TECHNOLOG,,,3205 FREEDOM DRIVE SUITE 107,,CHARLOTTE,NC,28208
26428857472a3c9a114e5,INFLEXXION INC,NO FREIGHT,NO FREIGHT,320 NEEDHAM STREET,SUITE 100,NEWTON,MA,02464
1571483516472f8337e0d35,SIEMENS HEALTHCARE DIAGNOSTICS,,,P.O. BOX 4356 MC-IMA050,,PORTLAND,OR,97208-4356
23591910647308d81a1596,PROGRESS ENERGY SERVICE CO LLC,,,P.O. BOX 870,,RALEIGH,NC,27602
88784327473b0e1d70855,FLUENT INC,,,10 CAVENDISH COURT,,LEBANON,NH,03766
1689539324766f5bb993b3,NORTHSTONE LLC,,,100 RIVER PARK DRIVE,,NORTH READING,MA,01864
887413940476adb4d4d983,STACK ELECTRONICS,,,100 WEST MAIN STREET,,BABYLON,NY,11702
129207099949a6ac2b98606,NATIONAL SALES ASSOCIATES,LEN,CRANN,51 GLENN STREET,,LAWRENCE,MA,01845
3284403634790b6a3a3630,ARCHIVES MOUNTAIN LLC,,,P.O. BOX 211,P.FARRELL@TRU-RECOVERY.COM,HAWLEYVILLE,CT,06440
202330362947910528d0872,CASEY LAW OFFICES P.C.,,,8 NORTH MAIN STREET,SUITE 201,ATTLEBORO,MA,02703
84180295147975cd0f3956,HEBREW SENIOR LIFE CENTER,JOSE,GRANADOS,1200 CENTER STREET,,ROSLINDALE,MA,02131
13074916744797b83a16f83,AIR WORLDWIDE CORP,,,131 DARTMOUTH STREET,,BOSTON,MA,02116
17389806479e1d385d8a5,ORCS WEB INC,,,BOX 51090,,MYRTLE BEACH,SC,29579
144356291247a0d60562cdc,PIEDMONT NATURAL GAS,JOHN,CAHILL JR.,4720 PIEDMONT ROW DR,,CHARLOTTE,NC,28210
55300303847a87eec623c1,BOB LIVBICICH,,,95 CEDARVIEW AVE,,STATON ISLAND,NY,01306
159472374947b073789c9c0,UNITED ILLUMINATING,DAN,SHELTON,60 PARROT DRIVE,,SHELTON,CT,06484
79006858547b20f937db8a,ANSYS INC.,,,2600 ANSYS DRIVE,NA-PAYABLES@ANSYS.COM,CANONSBURG,PA,15317
62498600647b31f3a65247,BAUGH SE,BOB,KING,11505 NW 173RD ST,,ALACHUA,FL,32615
40037157047bde27389f4d,PEAK 10 NASHVILLE,,,8809 LENOX POINTE DRIVE,SUITE G,CHARLOTTE,NC,28273
69669562747bdd7ad135d4,PEAK 10 LOUISVILLE,,,8809 LENOX POINTE DRIVE,SUITE T,CHARLOTTE,NC,28273
190918662547bde2ea4ed7a,PEAK 10 RALEIGH,,,8809 LENOX POINTE DRIVE,SUITE G,CHARLOTTE,NC,28273
170220141147bde3e6c0881,PEAK 10 JACKSONVILLE,,,8809 LENOX POINTE DRIVE,SUITE G,CHARLOTTE,NC,28273
101678831547c46773f0db9,ON-LINE COMPUTER PRODUCTS (NC/LISA),,,672 PLEASANT STREET,,NORWOOD,MA,02062
71034236047c85035b249c,CANYON COMPUTER SUPPLIES,,,1509 E. WASHINGTON,,PHOENIX,AZ,85034
104432920447d6ef51dc5e8,TEXAS GUARANTEED STUDENT LOAN CORP,,,3500C WADLEY PLACE,SUITE 303,AUSTIN,TX,78728
140051134947d9277821a04,OLD MUTUAL ASSET MANAGEMENT,,,200 CLARENDON STREET,53RD FLOOR,BOSTON,MA,02116
127236514747da889f053bc,DATA VENTURES INC.,,,2100 REXFORD ROAD,SUITE 412,CHARLOTTE,NC,28211
76557021547f273de530e1,PALOMAR MEDICAL PRODUCTS INC.,,,82 CAMBRIDGE STREET,,BURLINGTON,MA,01803
90139152347f3ee4409404,PEAK 10 ATLANTA,,,8809 LENOX POINTE DRIVE,SUITE G,CHARLOTTE,NC,28273
169796325647fb7bc168b7c,FREEDOM GROUPS LLC,,,4107-A ROSE LAKE DRIVE,,CHARLOTTE,NC,28217
52877017647fd111c1b847,THE REALTY ADVISORY,,,636C MAIN STREET,,OSTERVILLE,MA,02655
2674801234818d89fe30b0,HARVARD MEDICAL SCHOOL,,,107 AVENUE LOUIS PASTEUR,,BOSTON,MA,02115
185364054248207557bfd85,BACK BAY RESTAURANT GROUP,JACK,NUGENT,284 NEWBURY STREET,,BOSTON,MA,02115
290162018482c997f9dfe2,JOSLIN DIABETES CENTER INC,,,ONE JOSLIN PLACE,ACCOUNTSPAYABLE@JOSLIN.HARVARD,BOSTON,MA,02215
20540293394835d54a956a9,AT&T MOBILITY & AFFILIATES,KRISTIN,RHODES,7730 MARKET CENTER AVENUE,,EL PASO,TX,79912
83285687748518416530f6,SCIENTIFIC SYSTEMS COMPANY INC.,,,500 WEST CUMMINGS PARK `,SUITE 3000,WOBURN,MA,01801
3161222224869458655d0c,ATTORNEY JEFF SHUB,,,27 CONGRESS STREET,SUITE 405,SALEM,MA,01970
81914138487b930a0b328,NAUSET STRATEGIES,,,66 LONG WHARF,5TH FLOOR,BOSTON,MA,02109
325991478487cd9ef3a954,CONNECTICUT ON-LINE COMPUTER CTR,ACCOUNTS,PAYABLE,100 EXECUTIVE BLVD,ACCOUNTS.PAYABLE@COCC.COM,SOUTHINGTON,CT,06489
6966109364888d7fd91eb5,CRITICAL POWER RESOURCES,,,2700 SUMMER BLVD,SUITE 102,RESSEARCH TRIANGLE PARK,NC,27709
1124689868488f553707578,CAPITAL CROSSING SERVICING CO,,,99 HIGH STREET,7TH FLOOR,BOSTON,MA,02110-2359
212400002489c576223383,NATIONAL SALES,LEN,CRANN,51 GLENN STREET,,LAWRENCE,MA,01843
202060433948a0884611ba8,NEVUS PHARMACEUTICALS,NELPHISON,DEALMEIDA,33 HAYDEN AVENUE,,LEXINGTON,MA,02421
46044639448a08b5879bd2,INDEVUS PHARMACEUTICALS CORP.,,,33 HAYDEN AVENUE,,LEXINGTON,MA,02421
148904594848adba9c57b2f,NYS INSURANCE FUND,,,8 COMPUTER DRIVE WEST,,ALBANY,NY,12205
2752507348c93c5f1e404,PREMIERE COMMUNICATIONS & CONSULTIN,,,4901 TRADEMARK DRIVE,,RALEIGH,NC,27610
70069097448d904137fb51,WILMERHALE,SUSIE,STALP,1875 PENNSYLVANIA AVE. N.W.,,WASHINGTON,DC,20006
194581353248e638ae811f2,DUPONT DE NEMOURS & CO.,AP4@USA.DUPONT.,,AP4@USA.DUPONT.COM,20 OLD HICKORY BLVD,OLD HICKORY,TN,37138-3159
174395639148eb71ecd1b58,MEDIA MIGRATION,CHRIS,TINKER,606 EAST LAUREL RD,,BELLINGHAM,WA,98226
17253631948eb7b7d8449e,PEAK 10 WEST CHESTER,,,8809 LENOX POINTE DRIVE,SUITE G,CHARLOTTE ,NC,28273
14706433334907156d62722,VILLIAGE OF VOORHEESVILLE,,,PO BOX 367,,VOORHEESVILLE,NY,12186
17729960748ee1e553ccdb,COPANION INC.,,,ONE TECH DRIVE,,ANDOVER,MA,01810
213465568848f4b1be8d661,AQR CAPITAL MANAGEMENT  LLC,,,2 GREENWICH PLAZA,3RD FL,GREENWICH,CT,06830
120117409148fdf5ae45270,OFFICE RESOURCES,PATRICIA,MORRIS,374 CONGRESS ST,,BOSTON,MA,02210
332205801490b12990fa7a,BIOGEN IDEC,,,14 CAMBRIDGE CENTER,,CAMBRIDGE,MA,02142
13046048224919ee76dd473,SENECA AUTO BODY,,,850 TRAIL VIEW BOULEVARD,,LEESBURGH,VA,20175
1694400666491b2fda03870,OFFICE NET,CRAIG,DEWEY,71 EVA DRIVE,,LEOMENSTER,MA,01453
1289141617491d97e998ccb,CELGENE,,,PO BOX 27797,CELGENECORPORATION.27797@METAS,SALT LAKE CITY,UT,84127
15555066054921dc82b8a81,THE STEAMSHIP AUTHORITY,,,P.O. BOX 284,,WOODS HOLE,MA,02543
2000362950492ab78b77daa,COBHAM DEFENSE ELECTRONIC SYSTEMS,,,P.O. BOX 489,,LOWELL,MA,01853-0489
475629531492c147d48f71,NATIONAL SALES,LEN,CRANN,51 GLENN STREET,,LAWRENCE,MA,01843
44536137349427fc14de90,TATA COMMUNICATIONS,,,90 MATAWAN ROAD  FLOOR #3,,MATAWAN,NJ,07747
6864556164962557b5be8d,PARTNERS HEALTHCARE SYSTEM,,,P.O. BOX 9127,,CHARLESTOWN,MA,02129-9127
84623055549b14185d76af,PERKINELMER,,,2200 WARRENVILLE ROAD,,DOWNERS GROVE,IL,60515
176404558849b18430919bf,HOME BOX OFFICE INC,,,120A E. 23RD STREET,,NEW YORK,NY,10010
185102569749b539611e163,DATA MEDIA SOURCE,A/P,,2247 RINGWOOD AVE,,SAN JOSE,CA,95131
81434318449b6aaabcd070,ALDEN SHOE,,,1 TAUNTON STREET,,MIDDLEBORO,MA,02346
93741957649b9318b15cb1,MEDTRONIC,EMAIL INVOICES,,15 HAMPSHIRE STREET,MANSFIELD.JDS@ACSAP-IT.COM,MANSFIELD,MA,02048
165339628349ba780211b86,HOUGHTON MIFFLIN HARCOURT,,,6277 SEA HARBOR DRIVE,,ORLANDO,FL,32887
130853920449c7e67f963b0,BARCLAYS CAPITAL (GEPS),VENDOR#627763,,IMAGE PROCESSING SYSTEMS,P.O. BOX 2614,SECAUCUS,NJ,07096
118446514249ca846ebbf2c,NISOURCE,,,SOURCENET,PO BOX 30130,COLLEGE STATION,TX,77842
94853527649dbb25361ae9,INGRAM BOOK GROUP INC.,,,P.O. BOX 3006 MAIL STOP 344,ONE INGRAM BOULEVARD,LA VERGNE,TN,37086-1986
141288110849dcc7db81a4b,PEPSICO,KURT,WEIDE,1100 REYNOLDS BLVD,,WINSTON-SALEM,NC,27105
141404707449e8839940748,CURTIS CIRCULATION,,,2500 MCCLELLAN AVENUE,,PENNSAUKEN,NJ,08109
95184170149f86a36d3413,BERKLEY TECHNOLOGY SERVICE LLC,,,3840 109TH STREET,,URBANDALE,IA,50322
30209235349f9a5c9995e9,DANA FARBER CANCER INST INC,,,P.O. BOX 479102,,BROOKLINE,MA,02447-7226
122571350049feeaa9305ba,FEDEX EXPRESS VENDOR SERVICES,,,3875 AIRWAYS BOULELVARD,MODULE H-1 EAST,MEMPHIS,TN,38116-5070
1991116454a296b4ec7837,TIMBERLAND COMPANY,,,PO BOX 21426,AP_INVOICES@VFC.COM,GREENSBORO,NC,27420-1426
7236466764a71aa5ac67e9,HARRIS,,,PO BOX 9001,ACCOUNTS PAYABLE,MELBOURNE,FL,32902-9001
20483668194a328f77e1a27,NYU STERN SCHOOL OF BUSINESS,NOREEN,SHIELDS,40 WEST 4TH STREET,ROOM 500,NEW YORK,NY,10012
21447895804a44d46ab5b5e,NATIONAL SALES ASSOCIATES,,,51 GLENN STREET,,LAWRENCE,MA,01843
18017583874a490404776ba,RUTGERS THE STATE UNIVERSITY OF NJ,,,65 DAVIDSON RD,RM 302,PISCATAWAY,NJ,08854-5602
15330695884a55ee51b6a7c,TRI CITY SALES,,,260 HIGHLAND AVENUE,,SALEM,MA,01970
12866240344a56063cebe2a,PACKAGING AND MORE,,,30 HIGGINSON AVENUE,,CENTRAL FALLS,RI,02863
2735287324a5c9cc4852c3,SOUND CHOICE INC.,,,NORTH SHORE MGH SUITE 100,104 ENDICOTT STREET,DANVERS,MA,01923
14398180634a71b1fa333d7,DATA MEDIA SOURCE,A/P,,2247 RINGWOOD AVENUE,,SAN JOSE,CA,95131
14043866434a7b3c55c972f,89 DEGREES  LLC,,,67 SOUTH BEDFORD STREET,,BURLINGTON,MA,01803
11955847634a9d7213d6e8e,ALLIED WORLD ASSURANCE,,,199 WATER STREET,24TH FLOOR,NEW YORK,NY,10038
13282778284a85b5e26bda8,NIFG(GNF),,,10675 JOHN JAY HOPKINS DRIVE,,SAN DIEGO,CA,92121
17069882264a9e8cbc6b2af,UNIVERSITY OF RHODE ISLAND,,,103 CARLOTTI ADMIN BLDG.,,KINGSTON,RI,02881
14189097304aa8fb1ff3f44,HARVEY BUILDING PRODUCTS,,,1400 MAIN STREET,,WALTHAM,MA,02451
10677230294aae8c31c0fd5,NEUBERGER BERMAN,,,605 THIRD AVENUE,3RD FLOOR,NEW YORK,NY,10158
15259810614aafad1ab1ad0,DUKE UNIVERSITY - OIT,,,334 BLACKWELL ST,,DURHAM,NC,27701
1694107504ab1021e8c687,DUNKIN BRANDS,EMAIL INVOICES,EMAIL INVOICES,130 ROYALL STREET,INVOICES@DUNKINBRANDS.COM,CANTON,MA,02021
10103882514ab911fe3c934,HARRIS ELECTRIC,,,6681 SIERRA LANE  SUITE A,,DUBLIN,CA,94568
17742239764aba2b0d7a8f4,FIDELITY NATIONAL INFORMATION SERVI,,,30 N. LASALLE  STE 3910,,CHICAGO,IL,60602
19225249854ac6606096cc0,MARRIOTT INTERNATIONAL ADMIN.SVCS.,,,MARRIOTT COMPUTI. & NETWORK CT,7300 CRESTWOOD BLDVD.,FREDERICK,MD,21703
18296506484accf5cecd5af,TRUMP,,,PENNSYLVANIA AVE & BOARDWALK,,ATLANTIC CITY,NJ,08401
14981094094adc7b5559d8b,VERIZON COMMUNICATIONS,,,,,,,
12969361954adf0c9b06563,JIM COLE,JIM,COLE,30 DARBY LANE,,BEDFORD,NH,03110
3663808164ae5b7d320509,FREDDIE MAC,PRICILLA,DODGE,8100 JONES BRANCH DRIVE,,MCLEAN,VA,22102
5718793674aef3149e466e,KEVINS TEST,KEVIN,REILLY,123 MOCKINGBIRD RD,,NORWOOD,MA,02062
8497232004aef4bc4d9b19,PEAK 10 TAMPA,,,8809 LENOX POINTE DRIVE,SUITE G,CHARLOTTE,NC,28273
11013807844af2e3c5317fd,SKILLSOFT CORPORATION,,,107 NORTHEASTERN BLVD,,NASHUA,NH,03062
14778346504af339a3ecd79,ALLIANCE ONCOLOGY,,,PO BOX 6600,,NEWPORT BEACH,CA,92658
6396272414b3130ba91a50,GALLUPVILLE GOSPEL CHURCH,,,118 GOSPEL LANE,,GALLUPVILLE,NY,12073
7123186694b4b71e9bebcc,NOVARTIS,,,ONE HEALTH PLAZA,,EAST HANOVER,NJ,07936
17878426704b59ca8e059b9,PEAK 10 - SOUTH FLORIDA,,,8809 LENOX POINTE DRIVE,SUITE G,CHARLOTTE,NC,28273
15586517244b59d42faad04,NORWOOD LIGHT BROADBAND,,,206 CENTRAL STREET,,NORWOOD,MA,02062
3757799534b634b095546f,SENTINEL BENEFITS AND FINANCIAL GR,BRITNEY,TURNER,55 WALKERS BROOK DR,SUITE 100,READING,MA,01867
1191992744b6851758b1f6,LITTLETON COIN COMPANY  LLC,,,1309 MT. EUSTIS ROAD,,LITTLETON,NH,03561
5575583554b69ae619b220,CITY OF WINSTON SALEM - IS DEPT,,,P.O. BOX 2511,SHIRLEYS@CITYOFWS.ORG,WINSTON-SALEM,NC,27101
12645508294b69d6477cd20,GLOBAL GRAPHICS SOFTWARE INC.,,,31 NAGOG PARK/SUITE 315,WILL PAY WITH CREDIT CARD,ACTON,MA,01720
21092026584b9017077b4d5,PITNEY BOWES,,,37 EXECUTIVE DRIVE,,DANBURY,CT,06810
4041000094b96765dab376,SAGAN REALTORS,,,300 SALEM STREET,,SWAMPSCOTT,MA,01907
19503116584bb38431b33a1,PEAK 10 RICHMOND,,,8809 LENOX POINTE DRIVE,SUITE G,CHARLOTTE,NC,28273
15027397874bbdfe84a690d,US DEPT. OF INTERIOR NATION BUS.CTR,,,7301 W MANSFIELD D-2941,,DENVER,CO,80235
13871746634bc48dc68e8c0,ANALOG DEVICES,,,3 TECHNOLOGY WAY,,NORWOOD,MA,02062
20175339824bce04a4c455c,VIRTUSTREAM INC.,EMAIL INVOICES,,4800 MONTGOMERY LANE,SUITE 1100,BETHESDA,MD,20814
3698058444bd0963995b20,STRUCTURETONE,,,1050 WALL STREET WEST,,LYNDHURST,NJ,07071
10038544324bd7275d93694,THE DATA HOUSE,EMAIL ,INVOICE ONLY,303 GREEN MEADOWS DRIVE,,WESTERVILLE,OH,43081
10697381674be322e02446c,NORFOLK SOUTHERN CORPORATION,,,110 FRANKLIN ROAD S.E.,,ROANOKE,VA,24042-0032
3408215464be96d43ea512,EMD SERONO,,,45A MIDDLESEX TURNPIKE,,BILLERICA,MA,01821
19408400734beab49d36e35,KONOWITZ AND GREENBERG,,,20 WILLIAM STREET,SUITE 320 WELLESLEY OFFICE PK,WELLESLELY HILLS,MA,02481-4145
13078069694beb11d285a3e,REPROGRAPHIC TECHNOLOGY,,,1409 DUFF DR,,FORT COLLINS,CO,80524
7482142864bf2e4c77978a,DAISY I.T. ,HAROLD,BAER,8575 RED OAK AVE,,RANCHO CUCAMONGA,CA,91730
9585897064bf3f7d9dd4df,MEDBILL LLC,,,1616 VILLAGE HARBOR DRIVE,,LAKE WYLIE,SC,29710
18708186404bf55617ed50c,JUSTIN ELECTRONICS CORPORATION,,,108 N KERR AVENUE,STE F1,WILMINGTON,NC,08405
17698948174c0e4b3e04318,PC-PLUS TECHNOLOGIES INC,,,1 WESTEC DRIVE,,AUBURN,MA,01501
20139967014c114c440c01c,INSIGHT PERFORMANCE INC.,,,990 WASHINGTON STREET,DEDHAM EXECUTIVE CENTER,DEDHAM,MA,02026
3342411894c17d2f4cf736,ORANGE COUNTY PROPERTY APPRAISER,,,200 SOUTH ORANGE AVENUE,SUITE 1700,ORLANDO,FL,32801
3917921944c24b365cedd0,DESIGN ON 20,,,2390 WESTERN AVENUE,,GUILDERLAND,NY,12084
18560686974c24f30dd5b14,PROVEST LLC,,,4520 SEEDLING CIRCLE,,TAMPA,FL,33614
19085101884c3631ec45429,CITY OF TEMPLE,,,3210 EAST AVENUE,H BLDG C,TEMPLE,TX,76501
3662434984c3b351682436,EDELWEISS VEAL PRODUCTS,,,12 OLD MYERS DRIVE,,ALBANY,NY,12205
17634097914c4f35d333a37,SX DISCOUNT SUPPLY/AMWARE,,,19801 HOLLAND ROAD,,BROOK PARK,OH,44142
9102672104c503733c54eb,IMATION ENTERPRISES,,,1 IMATION PLACE,304 2A 30,OAKDALE,MN,55128
1713653564c6d48ed13c96,BAYER BUSINESS AND TECHNOLOGY SVCS.,,,PO BOX 688,,PITTSBURGH,PA,15230-0688
15099559314c77cb2c10270,MARKEM-IMAJE,MICHAEL,KELLY,150 CONGRESS STREET,,KEENE,NH,03431
8138524c7eb5dabdad3,MINT,,,174 CABOT STREET,,BEVERLY,MA,01915
165721157151547aeab9881,TEAM DETROIT,,,550 TOWN CENTER ,,DEARBORN,MI,48126
139438524c96583979009,OAK RIDGE NATIONAL LABORATORY UT-BA,LANDON,HILL,1 BETHEL VALLEY ROAD,BLDG. 7001,OAK RIDGE ,TN,37831
104397324ca4c0ba47ed8,AVNET INC.,EMAIL INVOICES!,,5050 AVALON RIDGE PKWY,SUITE 300,NORCROSS,GA,30071
17320017854cacc6c96d3e7,COMPUTERLAND OF SILICON VALLEY,,,482 WEST SAN CARLOS STREET,MAIL & EMAIL WTANG@CLAND.COM,SAN JOSE,CA,95110
1800218134caccd0420aac,SIGMA SOLUTIONS INC.,,,P.O. BOX 792766,AP@SIGMASOLINC.COM & MGALVEZ@,SAN ANTONIO,TX,78279
20660370364cacdf524d505,DTC COMPUTER SUPPLIES CORP,,,9033 NINTH STREET,EMAIL:GRACE@DTC1.COM,RANCHO CUCAMONGA,CA,91730
1589159364cace320af2ed,WESTERN BACK-UP SOLUTIONS,,,11236 WESTERN AVENUE SUITE F1,,STANTON,CA,90680
5520220074cadd748c3e1d,CORE SYSTEMS HAWAII,,,1000 BISHOP STREET,STE 500,HONOLULU,HI,96813
16002412984cadd8f22e404,NET SOURCE INC.,,,8020 SHAFFER PARKWAY #100,,LITTLETON,CO,80127
12124281254cb2fc4d941bc,STEELHEAD DATA,,,1532 EUREKA ROAD,SUITE 101,ROSEVILLE,CA,95661
11568142614cb468acd44a3,APPLIED COMPUTER SOLUTIONS,JENNY,CHI,15461 SPRINGDALE STREET,,HUNTINGTON BEACH,CA,92649
17701485174cb61218e39ab,GOODWILL SERVICES,,,6301 MIDLOTHIAN TURNPIKE,,RICHMOND,VA,23225
6858219234cb87790dd6b4,REGAN TECHNOLOGIES CORPORATION,,,7 BARNES INDUSTRIAL ROAD SOUTH,,WALLINGFORD,CT,06492
4787682384cbcaf7daa94b,CONTINENTAL RESOURCES INC,,,175 MIDDLESEX TURNPIKE,,BEDFORD,MA,01730-9137
20277604754cc04a8ac65fc,ELKCO CORPORATION,,,50 DANGELO DRIVE,,MARLBORO,MA,01752
15131679234cc04e6015f74,DEPT.OF CHILDREN & FAMILY SERVICES,,,P.O. BOX 3927,,BATON ROUGE,LA,70821
3193509674cc1e6c705c31,YOUNG & RUBICAM GROUP,,,3 COLUMBUS CIRCLE,,NEW YORK,NY,10019
15753703034cc58d81b3d53,ESSENTIAL TECHNOLOGIES INC.,,,1107 HAZELTINE BLVD,SUITE 477,CHASKA,MN,55318
752681254cc58ebfcd5d7,PARK PLACE INTERNATIONAL LLC,,,8401 CHAGRIN ROAD,DIANE.ZARGARI@PARKPLACEINTL.CO,CHAGRIN FALLS,OH,44023
17702159374cc5f02208bae,WARNER MUSIC GROUP,DANIELLE ZANGRE,IBRAGIMOVA,75 ROCKEFELLER PLAZA,13TH FLOOR,NEW YORK,NY,10019
18654467524cc8686b9be24,ST. VINCENTS MEDICAL CENTER,,,2800 MAIN STREET,,BRIDGEPORT,CT,06606
19895748454cc87b0289aa9,KIS INC.,,,2877 GUARDIAN LANE,SUITE 201,VIRGINIA BEACH,VA,23452
14798110374cc98712dff59,EPOKA,,,HJULMAGERVEJ 21,DK-9490 PANDRUP,DENMARK,,
8619867844cc9b76463d88,MPS INC.,,,7600 BOONE AVENUE NO.,SUITE 3,MINNEAPOLIS,MN,55428
8930032054ccad08ac61cb,WARNER MUSIC GROUP,JORDAN,BARROW,3400 WEST OLIVE AVE,,BURBANK,CA,91505-4614
10907126234cd95cc2775a7,NATIONAL SALES ASSOCIATES,LENN ,CRANN,51 GLENN STREET,,LAWRENCE,MA,01843
3885932244cdab467173a5,WALSH CONSTRUCTION,PAUL,YAMBOR,3011 WEST GRAND BLVD,,DETROIT,MI,48202
5113380314cdc060fb0b1e,MKS ,,,2 TECHNOLOGY DRIVE,SUITE 201,ANDOVER,MA,01810
16140491924cdc16362718f,EXPERIS DATA CENTERS LLC,,,8209 VALLEY PIKE,,MIDDLETOWN,VA,22645
4389286324cdc413e90c71,CROCKER & ASSOCIATES INC,,,1131 MOUNT GALLANT ROAD,,ROCK HILL,SC,29732
3897532874ceadc89c21d2,BLUE CROSS BLUE SHIELD OF MA,EMAIL INVOICES,,APINVOICE@BCBSMA.COM,P.O. BOX 55837,BOSTON,MA,02205
5902083944cf571368e683,NO REPUTATION COMMUNICATIONS LLC,,,1604 RIVER ROAD,,SELKIRK,NY,12158
